Practice Data Set for Exercise,,,
Date: 01/11/2014,,,
0.506411921,0.025,15.54671062,3.24
1.030496642,0.05,5.758311989,1.08
1.47479511,0.075,3.958501417,0.68
2.017527298,0.1,2.835729393,0.54
2.519449516,0.125,2.678164419,0.4752
2.877739845,0.15,1.777891788,0.44
3.495187612,0.175,1.802083731,0.41877551
4.172759304,0.2,1.854382479,0.405
4.707143987,0.225,2.339650764,0.395555556
4.94791211,0.25,1.603493793,0.3888
